{
    "mse_old": 0.061771102152347636,
    "mse_new": 14.293815747741903,
    "mse_drift": 14.232044645589555,
    "ks_p_value": 1.5328578223689183e-19,
    "drift_detected": true
}