{
    "mse_old": 0.7907224480914422,
    "mse_new": 227385930.4706338,
    "mse_drift": 227385929.67991135,
    "ks_p_value": 5.766203133373268e-20,
    "drift_detected": true
}