{
    "C:\\Users\\varsh\\OneDrive\\Desktop\\notebook\\Fast_Furious_Insured\\api\\models\\best_model.keras": 0.8511865735054016,
    "/app/api/models/fine_tuned_model_1741154902.keras": 0.6988271474838257,
    "/app/api/models/fine_tuned_model_1741248919.keras": 0.5279498100280762
}